user_25,Pop,0.925
user_45,Classical,0.90625
user_50,Pop,0.9
user_15,Rock,0.8863636363636364
user_5,Jazz,0.8863636363636364
user_20,Pop,0.8604651162790697
user_30,Rock,0.8545454545454545
